[
  {
    "title": "Kara",
    "content": "In the ebb and flow of our friendship, I strayed,\nAnd hurt the one who's been by my side each day.\n\nMy words were careless, my actions unclear,\nI didn't mean to cause you pain, or bring forth a tear.\nBut now I see, in hindsight's gentle light,\nThat I've lost your trust, and that's not right.\n\nYou are my lifeline, my anchor and my shore,\nThe one who's been with me through every up and down before.\nI don't know what I'd do without you by my side,\nBut now I'm faced with the reality of having hurt you deep inside.\n\nPlease forgive me for my thoughtlessness and pain,\nFor being so blind that I didn't see the harm I'd gain.\nKnow that I value our friendship, and all it brings to me,\nAnd I promise to be more mindful, and treat you with the care and respect you deserve to see.\n\nI'm sorry for the hurt I've caused, and I hope you can see,\nThat my intentions were pure, but my words weren't meant to be.\nI'll do better, I swear, to listen and to hear,\nAnd to make amends in any way I can, my dear....",
    "content_html": "<p>In the ebb and flow of our friendship, I strayed,<br>And hurt the one who's been by my side each day.</p>\n<p>My words were careless, my actions unclear,<br>I didn't mean to cause you pain, or bring forth a tear.<br>But now I see, in hindsight's gentle light,<br>That I've lost your trust, and that's not right.</p>\n<p>You are my lifeline, my anchor and my shore,<br>The one who's been with me through every up and down before.<br>I don't know what I'd do without you by my side,<br>But now I'm faced with the reality of having hurt you deep inside.</p>\n<p>Please forgive me for my thoughtlessness and pain,<br>For being so blind that I didn't see the harm I'd gain.<br>Know that I value our friendship, and all it brings to me,<br>And I promise to be more mindful, and treat you with the care and respect you deserve to see.</p>\n<p>I'm sorry for the hurt I've caused, and I hope you can see,<br>That my intentions were pure, but my words weren't meant to be.<br>I'll do better, I swear, to listen and to hear,<br>And to make amends in any way I can, my dear....</p>",
    "author": "psharmaji331@gmail.com"
  },
  {
    "title": "jdf",
    "content": "You are a highly skilled DSA mentor and educator. I am a novice learner who only has surface-level awareness of Recursion. I want you to *teach me this topic from scratch in the most in-depth yet understandable way possible*.\n*Follow these detailed instructions in your explanation*:\n",
    "content_html": "<p>You are a highly skilled DSA mentor and educator. I am a novice learner who only has surface-level awareness of Recursion. I want you to *teach me this topic from scratch in the most in-depth yet understandable way possible*.<br>*Follow these detailed instructions in your explanation*:</p>",
    "author": "psharmaji331@gmail.com"
  }
]