[
  {
    "topic": "Machine Learning basics",
    "url": "https://www.geeksforgeeks.org/machine-learning/machine-learning/",
    "content": "Notifications Machine learning is a branch of\u00a0Artificial Intelligence\u00a0that focuses on developing models and algorithms that let computers learn from data without being explicitly programmed for every task. In simple words, ML teaches the systems to think and understand like humans by learning from the data. Do you wish to learn Data Science in scheduled manner ? Try our ongoing free course Data Science Skillup with weekly topic coverage, notes, daily quizzes and coding problems. Machine Learning is mainly divided into three core types: Supervised, Unsupervised and Reinforcement Learning along with two additional types, Semi-Supervised and Self-Supervised Learning. Note: The following are not part of the original three core types of ML, but they have become increasingly important in real-world applications, especially in deep learning. Additional Types: In order to make predictions there are some steps through which data passes in order to produce a machine learning model that can make predictions.  Supervised learning\u00a0algorithms are generally categorized into\u00a0two main types:\u00a0 There are many algorithms used in supervised learning each suited to different types of problems. Some of the most commonly used supervised learning algorithms are: This is one of the simplest ways to predict numbers using a straight line. It helps find the relationship between input and output. Used when the output is a \"yes or no\" type answer. It helps in predicting categories like pass/fail or spam/not spam. A model that makes decisions by asking a series of simple questions, like a flowchart. Easy to understand and use. A bit more advanced\u2014it tries to draw the best line (or boundary) to separate different categories of data. This model looks at the closest data points (neighbors) to make predictions. Super simple and based on similarity. A quick and smart way to classify things based on probability. It works well for text and spam detection. A powerful model that builds lots of decision trees and combines them for better accuracy and stability. Ensemble learning combines multiple simple models to create a stronger, smarter model. There are mainly two types of ensemble learning: Unsupervised learning are again divided into three main categories based on their purpose:\u00a0 Clustering algorithms group data points into clusters based on their similarities or differences. Types of clustering algorithms are: Centroid-based Methods: Distribution-based Methods:  Connectivity based methods:  Density Based methods:  Dimensionality reduction is used to simplify datasets by reducing the number of features while retaining the most important information. Find patterns between items in large datasets typically in market basket analysis. Reinforcement learning interacts with environment and learn from them based on rewards. These methods use a model of the environment to predict outcomes and help the agent plan actions by simulating potential results. The agent learns directly from experience by interacting with the environment and adjusting its actions based on feedback. It uses a mix of labeled and unlabeled data making it helpful when labeling data is costly or it is very limited. The trained ML model must be integrated into an application or service to make its predictions accessible.  APIs allow other applications or systems to access the ML model's functionality and integrate them into larger workflows.  MLOps ensure they are deployed, monitored and maintained efficiently in real-world production systems. For project ideas refer to: 100+ Machine Learning Projects with Source Code [2025] for hands-on implementation on projects K"
  },
  {
    "topic": "Machine Learning basics",
    "url": "https://www.tutorialspoint.com/machine_learning/index.htm",
    "content": "This Machine Learning (ML) tutorial will provide a detailed understanding of the concepts of machine learning such as, different types of machine learning algorithms, types, applications, libraries used in ML, and real-life examples. Machine Learning (ML) is a branch of Artificial Intelligence (AI) that works on algorithm developments and statistical models that allow computers to learn from data and make predictions or decisions without being explicitly programmed. Machine Learning process includes Project Setup, Data Preparation, Modeling and Deployment. The following figure demonstrates the common working process of Machine Learning. It follows some set of steps to do the task; a sequential process of its workflow is as follows: The following are the stages (detailed sequential process) of Machine Learning: Data Collection \u2212 Data collection is an initial step in the process of machine learning. In this stage, it collects data from the different sources such as databases, text files, pictures, sound files, or web scraping. This process organizes the data in an appropriate format, such as a CSV file or database, and makes sure that they are useful for solving your problem. Data Pre-processing \u2212 It is a key step in the process of machine learning, which involves deleting duplicate data, fixing errors, managing missing data either by eliminating or filling it in, and adjusting and formatting the data. Choosing the Right Model \u2212 The next step is to select a machine learning model; once data is prepared, then we apply it to ML models like linear regression, decision trees, and neural networks that may be selected to implement. This selection depends on many factors, such as the kind of data and your problem, the size and type of data, the complexity, and the computational resources. Training the Model \u2212 This step includes training the model from the data so it can make better predictions. Evaluating the model \u2212 When module is trained, the model has to be tested on new data that they haven't been able to see during training.  Hyperparameter Tuning and Optimization \u2212 After evaluating the model, you may need to adjust its hyperparameters to make it more efficient. You should try different combinations of parameters and cross-validation to ensure that the model performs well on different data sets. Predictions and Deployment \u2212 When the model has been programmed and optimized, it will be ready to estimate new data. This is done by adding new data to the model and using its output for decision-making or other analysis. The deployment includes its integration into a production environment to make it capable of processing real-world data. Machine learning models fall into the following categories: 1. Supervised Machine Learning \u2212 It is a type of machine learning that trains the model using labeled datasets to predict outcomes. 2. Unsupervised Machine Learning \u2212 It is a type of machine learning that learns patterns and structures within the data without human supervision. 3. Semi-supervised Learning \u2212 It is a type of machine learning that is neither fully supervised nor fully unsupervised. The semi-supervised learning algorithms basically fall between supervised and unsupervised learning methods. 4. Reinforcement Machine Learning \u2212 It is a type of machine learning model that is similar to supervised learning but does not use sample data to train the algorithm. This model learns by trial and error. Several machine learning algorithms are commonly used. These include: Machine Learning is important in automation, extracting insights from data, and decision-making processes. It has its significance due to the following reasons: Machine learning is used in various fields. Some of the most common applications include: This machine learning tutorial has been prepared for those who want to learn about the basics and advances of Machine Learning. In a broader sense; ML is a subset of Artificial Intelligence (AI) that focuses on developing algorithms and models that allow computers to learn from data and make predictions or decisions without being explicitly programmed to do so. Machine learning requires data. This data can be text, images, audio, numbers, or video. The quality and quantity of data considerably affect machine learning model performance. Features are data qualities used to predict or decide. Feature selection and engineering entail selecting and formatting the most relevant features for the model. You should have a basic understanding of the technical aspects of Machine Learning. Learners should be familiar with data, information, and its basics. Knowledge of Data, information, structured data, unstructured data, semi-structured data, data processing, and Artificial Intelligence basics; Proficiency in labeled / unlabelled data, feature extraction from data, and their application in ML to solve common problems is a must. \n               Tutorials Point is a leading Ed Tech company striving to provide the best learning material on technical\n               and non-technical subjects.\n             \u00a9 Copyright 2025. All Rights Reserved."
  },
  {
    "topic": "Operating System concepts",
    "url": "https://bbs.csdn.net/topics/398207142",
    "content": "13,656\n           \n          \u793e\u533a\u6210\u5458\n         \n            12,673,845 \n             \n            \u793e\u533a\u5185\u5bb9\n           \u52a0\u8f7d\u4e2d \u8bd5\u8bd5\u7528AI\u521b\u4f5c\u52a9\u624b\u5199\u7bc7\u6587\u7ae0\u5427"
  },
  {
    "topic": "Operating System concepts",
    "url": "https://www.zhihu.com/tardis/bd/art/474337607",
    "content": "\u5168\u79f0Operating Systems: Three Easy Pieces Wisconsin \u7684\u7814\u7a76\u751f\u6559\u79d1\u4e66\u5c06 os \u5206\u4e3a\u865a\u62df\u5316\u3001\u5e76\u53d1\u548c\u6301\u4e45\u5316\u3002\u4ece\u4e09\u4e2a\u65b9\u9762\u6765\u8bb2\uff0c\u5176\u5b9e\u90fd\u975e\u5e38\u5165\u95e8\uff0c\u53ef\u4ee5\u4f5c\u4e3a\u672c\u79d1\u6559\u6750\uff0c\u4e5f\u53ef\u4ee5\u81ea\u5b66\u3002 \u6bcf\u4e2a\u8bdd\u9898\u90fd\u662f\u57fa\u4e8e\u5386\u53f2\u7684\u6f14\u53d8\uff0c\u6700\u521d\u5b9e\u73b0\u7684\u662f\u4ec0\u4e48\u65b9\u6cd5\uff0c\u662f\u5982\u4f55\u5b9e\u73b0\u7684\uff08\u771f\u6b63\u5b9e\u73b0\u7684\uff09\uff0c\u89e3\u51b3\u4e86\u4ec0\u4e48\u95ee\u9898\uff0c\u6709\u4ec0\u4e48\u4e0d\u8db3\uff0c\u63d0\u51fa\u4e86\u54ea\u4e9b\u6539\u8fdb\u8fd9\u4e9b\u4e0d\u8db3\u7684\u65b9\u6cd5\u3002\u8fd8\u7ed9\u51fa\u4e86\u5404\u79cd\u6307\u6807\u3002\u5728\u6bcf\u7ae0\u7684\u6700\u540e\uff0c\u5e94\u9605\u8bfb\u76f8\u5173\u9886\u57df\u7684\u8457\u540d\u8bba\u6587\u6216\u6559\u79d1\u4e66\u3002 Modern Operating Systems 4th\uff0c\u8fd9\u672c\u4e66\u662f\u4e00\u672c\u6559\u79d1\u4e66\u3002\u6ca1\u6709\u5fc5\u8981\u8bf4\u5854\u5357\u9c8d\u59c6\u662f\u8c01\u3002\u4f30\u8ba1\u83b1\u7eb3\u65af\u89c1\u5230\u4ed6\uff0c\u90fd\u8981\u53eb\u4ed6\u8001\u5e08\u4e86\u3002 \u8fd9\u672c\u4e66\u7406\u8bba\u6027\u5f3a\uff0c\u8bb2\u7684\u662f\u4e00\u822c\u539f\u7406\uff0c\u4f46\u662f\u6df1\u5ea6\u4e0d\u591f\uff0c\u6bd4\u5982\u8c03\u5ea6\u7b97\u6cd5\u7b49\u3002\u6709\u65f6\u5019\u53ea\u662f\u4e00\u53e5\u8bdd\uff0c\u4e0d\u4f1a\u7ed9\u4f60\u8bb2\u89e3\u5177\u4f53\u7684\u5b9e\u73b0\u3002\u4f46\u5b83\u662f\u5165\u95e8\u64cd\u4f5c\u7cfb\u7edf\u7684\u597d\u6559\u6750\u3002 2.Operating System Concepts 9th\u8fd9\u672c\u4e66\u53c8\u53eb\u300a\u6050\u9f99\u4e66\u300b\u3002\u5b83\u548c\u7b2c\u4e00\u672c\u4e66\u4e00\u6837\u6709\u540d\uff0c\u4e5f\u662f\u4e00\u672c\u6559\u79d1\u4e66\u3002\u7b2c\u4e5d\u7248\u6bd4\u4e0a\u4e00\u672c\u4e66\u7684\u7b2c\u4e09\u7248\u5dee\uff08\u7b2c\u56db\u7248\u6211\u6ca1\u770b\u8fc7\uff09\u3002\u7b97\u6cd5\u7684\u89e3\u91ca\u6bd4\u8f83\u8be6\u7ec6\uff0c\u4f46\u662f\u5bf9\u4e8e\u4e00\u4e9b\u7279\u522b\u57fa\u7840\u7684\u4e1c\u897f\uff0c\u6bd4\u5982MMU\u662f\u5982\u4f55\u5de5\u4f5c\u7684\uff0c\u63cf\u8ff0\u4e0d\u5982\u7b2c\u4e00\u672c\u4e66\u8be6\u7ec6\u3002 \u4f8b\u5982 Windows\uff0c\u60a8\u5fc5\u987b\u67e5\u770b Windows Internals 6th \u5bf9\u4e8e OS X\uff0c\u4f60\u5fc5\u987b\u9605\u8bfb Mac OS X Internals: A Systems Approach \u6216 Mac OS X \u548c iOS \u5185\u90e8\u7ed3\u6784\uff1a\u82f9\u679c\u7684\u6838\u5fc3 \u79fb\u52a8\u64cd\u4f5c\u7cfb\u7edf\u6ca1\u6709\u7279\u522b\u597d\u7684\u4e66\uff0ciOS\uff0c\u56e0\u4e3a\u662f\u95ed\u6e90\u7684\uff0c\u4f46\u662f\u56e0\u4e3a\u548cOS X\u662f\u540c\u6e90\u7684\uff0c\u5f88\u591a\u4e1c\u897f\u53ef\u4ee5\u53c2\u8003OS X\u548cXNU\u7684\u6e90\u7801\u3002\u6211\u5bf9Android\u4e0d\u5173\u5fc3\u4e5f\u4e0d\u611f\u5174\u8da3\uff0c\u4e5f\u4e0d\u77e5\u9053\uff0cWindows\u9700\u8981\u8bf7\u6559\u505aWP\u5f00\u53d1\u7684\u670b\u53cb\u3002 \u53e6\u5916\uff0c\u8981\u8bfb\u8fd9\u4e9b\u4e66\uff0c\u4f60\u5fc5\u987b\u5bf9C\u8bed\u8a00\u6709\u4e00\u5b9a\u7684\u4e86\u89e3\uff0c\u5426\u5219\u4f60\u5c06\u65e0\u6cd5\u5904\u7406\u4e00\u4e9b\u4f8b\u5b50\uff0c\u800c\u4e14\u4f60\u5fc5\u987b\u6709\u4e00\u4e9b\u6c47\u7f16\u8bed\u8a00\u7684\u77e5\u8bc6\uff0c\u5426\u5219\u4f60\u5c06\u65e0\u6cd5\u770b\u61c2\u5f88\u591a\u6e90\u7801\u4ee3\u7801\u3002 \u53e6\u5916\uff0c\u5982\u679c\u4f60\u89c9\u5f97\u8fd9\u4e9b\u4e66\u5f88\u8d35\uff0c\u53ef\u4ee5\u53bb\u9ebb\u7701\u7406\u5de5\u7b49\u5927\u5b66\u7f51\u7ad9\u627e\u64cd\u4f5c\u7cfb\u7edf\u8bfe\u7a0b\u7684\u8bb2\u4e49\uff0c\u975e\u5e38\u4e0d\u9519\u3002\u81ea\u7531\u3002 \u6700\u540e\u798f\u5229\u65f6\u95f4\uff0c\u6700\u8fd1\u4e0d\u5c11\u5c0f\u4f19\u4f34\u627e\u6211\u8981\u4e00\u4e9b Linux \u5b66\u4e60\u8d44\u6599\uff0c\u4e8e\u662f\u6211\u6839\u636e\u81ea\u5df1\u7684\u7ecf\u9a8c\uff0c\u5229\u7528\u4e1a\u4f59\u65f6\u95f4\u71ac\u591c\u809d\u4e86\u4e00\u4e2a\u6708\uff0c\u6574\u7406\u4e00\u4efd\u300c10G Linux \u5b66\u4e60\u8d44\u6599\u5927\u5168\u300d\uff0c\u514d\u8d39\u5171\u4eab\u7ed9\u5927\u5bb6\uff01\ufeff \ufeff\u636e\u8bf4\u6709\u5c0f\u4f19\u4f34\u9760\u8fd9\u4efd\u653b\u7565\u987a\u5229\u8fdb\u5165 BAT \u54e6\uff0c\u6240\u4ee5\u4e00\u5b9a\u8981\u597d\u597d\u5b66\u4e60\u8fd9\u4efd\u8d44\u6599\uff01 \u51e0\u4e4e\u8986\u76d6\u4e86 Linux \u57fa\u7840\u5b66\u4e60\u7684\u65b9\u65b9\u9762\u9762\uff0c\u975e\u5e38\u9002\u5408\u521d\u5b66\u8005\u5165\u95e8\uff01 \u8d44\u6599\u4e5f\u6309\u76ee\u5f55\u8fdb\u884c\u7f16\u6392\uff0c\u6bcf\u4e00\u7ae0\u4e0b\u9762\u90fd\u6709\u66f4\u5177\u4f53\u7684\u5185\u5bb9\uff0c\u5177\u4f53\u5982\u4e0b: \u2714 Linux \u5e38\u7528\u547d\u4ee4\u6c47\u603b   \u2714 Linux \u7ecf\u5178\u5165\u95e8\u4e66\u7c4d  \ufeff \u2714 Linux \u7f51\u7edc\u7f16\u7a0b\u6559\u7a0b \ufeff \u2714 Linux \u6210\u795e\u5b66\u4e60\u7ebf\u56fe \ufeff \u2714 22 \u4efd BAT \u9762\u7ecf pdf \u5408\u96c6 \u53e6\u5916\u6211\u8fd8\u7ec4\u5efa\u4e86\u4e00\u4e2a\u300cLinux \u7f16\u7a0b\u4ea4\u6d41\u7fa4\u300d\uff0c\u7fa4\u91cc\u6bcf\u5929\u5927\u5bb6\u90fd\u4e92\u76f8\u4ea4\u6d41 Linux \u5b66\u4e60\u5fc3\u5f97\uff0c\u4e5f\u6709\u6211\u4eec\u70ed\u5fc3\u80a0\u7684\u5c0f\u6c5f\u7f8e\u5973\u7a0b\u5e8f\u5a9b\u7ed9\u5927\u5bb6\u7b54\u7591\u3002 \ufeff \u5982\u679c\u4f60\u662f Linux \u65b0\u624b\uff0c\u90a3\u6211\u76f8\u4fe1\u4f60\u53ef\u4ee5\u8fc5\u901f\u878d\u5165\u5230\u8fd9\u91cc\u9762\u6765\uff0c\u540c\u65f6\u8ba4\u8bc6\u66f4\u591a\u7684\u7f16\u7a0b\u5927\u4f6c\u3002 \u540c\u6837\u4f60\u53ef\u4ee5\u9760\u7740\u300c10G Linux \u5b66\u4e60\u8d44\u6599\u5927\u5168\u300d\u8fc5\u901f\u5ea6\u8fc7\u65b0\u624b\u9636\u6bb5\uff0c\u8ba9\u4f60\u4e0a\u624b Linux \u66f4\u52a0\u8f7b\u677e\u3002 \u5927\u5bb6\u60f3\u8981\u4e0a\u9762\u300c10G Linux \u5b66\u4e60\u8d44\u6599\u5927\u5168 + \u8fdb\u5165\u7f16\u7a0b\u4ea4\u6d41\u7fa4\u300d\uff0c\u53ef\u4ee5\u70b9\u51fb\u4e0b\u65b9\u2b07\ufe0f\u7684\u5361\u7247\u626b\u7801\u8fdb\u7fa4\u514d\u8d39\u9886\u53d6\u3002"
  },
  {
    "topic": "Computer Networks fundamentals",
    "url": "https://support.google.com/mail/answer/8494?hl=en&co=GENIE.Platform=Desktop",
    "content": "To open Gmail, you can sign in from a computer or add your account to the Gmail app on your phone or tablet. Once you're signed in, open your inbox to check your mail. Sign in to Gmail Tip: If you sign in to a public computer, make sure to sign out before you leave the computer. Learn how to sign in on a device that's not yours.  If you forget your Gmail username or password, or you can\u2019t access your account, follow our guide to troubleshoot your issue. If you still can\u2019t sign in, recover your Gmail account. Guidebooks helps you grow your knowledge and understanding so you can use your phone to make everyday life easier."
  },
  {
    "topic": "Computer Networks fundamentals",
    "url": "https://support.google.com/translate/answer/6350850?hl=en&co=GENIE.Platform=Desktop",
    "content": "You can translate text, handwriting, photos, and speech in over 200\u00a0languages with the Google Translate app. You can also use Translate on the web. To translate text, speech, and websites in more than 200 languages, go to Google Translate page."
  },
  {
    "topic": "Computer Networks fundamentals",
    "url": "https://support.google.com/chrome/answer/95346?hl=en&co=GENIE.Platform=Desktop",
    "content": "You can download and install the Chrome web browser at no charge, and use it to browse the web. Important: Before you download, you can check if Chrome supports your operating system and other system requirements. Tip: If you've used a different browser, like Firefox, you can import your settings into Chrome. If you have issues when you download Chrome on your Windows computer, use the alternate link to download Chrome on a different computer. To use Chrome on Mac, you need macOS Big Sur 11 and up. Tip: To clean up after the install, in the Finder's sidebar, to the right of Chrome, select Eject . To install Chrome, use the same software that installs programs on your computer. You need to enter the administrator account password. To make sure Chrome stays up-to-date, it\u2019s added to your software manager. To use Chrome on Mac, you need macOS Big Sur 11 and up. To use Chrome on Linux, you need: From productivity to customization, learn how to get things done more quickly with your browser."
  }
]